ABUTILON,53,28,12.46,5.48,2.04,0.61,1.3,0.02,1.1,0.84,29,12
ACACIA,49,14,8.65,5.89,1.4,0.9,1.12,0.4,1.18,0.43,28,18
ACHILLEA,64,37,7.63,5.01,1.02,0.91,0.95,0.05,1.29,0.54,38,16
ACHSINENTUS,26,12,7.61,6.09,1.47,0.63,1.07,0.51,1.69,0.32,35,16
ACONITUM,67,27,7.67,5.02,1.39,0.76,1.18,0.56,2.75,0.89,37,18
ADENIUM,30,28,10.36,6.45,0.67,0.12,1.42,0.78,2.34,0.72,32,24
AGERATUM,43,17,6.77,4.52,1.77,0.99,0.88,0.74,1.07,0.77,32,22
AGLAONEMA SP.,56,12,10.73,6.28,1.75,0.56,1.59,0.1,2.78,0.63,34,23
Agricultural field margin,74,28,7.92,4.99,1.53,0.54,1.23,0.65,2.7,0.71,36,14
ALFALFA,88,12,7.17,5.7,1.49,0.97,1.53,0.38,1.52,0.75,38,23
ALMOND,55,34,12.03,6.31,1.57,0.93,1.14,0.46,2.54,0.36,34,16
Along railroad tracks & i,80,19,9.69,4.77,1.65,0.74,1.51,0.74,1.79,0.88,30,13
ANARYLLIS,87,25,8.04,6.27,0.15,0.05,1.55,0.15,1.85,0.56,30,24
ANEMONE,24,17,6.76,5.42,0.85,0.14,1.33,0.79,1.37,0.23,34,16
ANETHUM,43,34,10.98,4.56,1.44,0.5,0.75,0.66,2.8,0.66,30,10
ANIGOZANTHUS,22,10,9.69,5.81,1.91,0.8,1.83,0.24,2.48,0.21,29,17
ANIMAL FEED STUFFS,56,26,11.37,5.61,2.22,0.1,0.92,0.28,1.39,0.68,30,21
ANONA,20,15,10.64,6.09,0.95,0.45,1.41,0.21,2.41,0.42,35,19
ANTIRRHINUM,82,21,10.73,4.64,0.17,0.07,1.38,0.72,2.05,0.65,26,19
APPLE,58,28,9.42,5.73,1.96,0.15,1.13,0.39,2.36,0.39,34,15
APPLE POMACE,65,13,7.03,6.25,1.88,0.94,1.2,0.27,1.39,0.41,28,17
APRICOT,27,10,10.78,5.76,1.43,0.01,1.28,0.22,1.64,0.89,30,11
ARALIA,27,15,9.07,5.93,1.43,0.28,1.79,0.19,1.74,0.75,32,23
ARAUCARIA,42,26,10.18,4.76,1.94,0.42,1.28,0.1,1,0.12,30,22
ARDIZIA,71,16,11.52,6.14,1.37,0.6,0.78,0.32,2.05,0.32,29,12
ARIGATHUS,87,12,10.49,4.67,1.51,0.89,1.4,0.2,0.94,0.85,26,13
Around reservoirs and dra,87,28,6.6,4.98,1.8,0.36,0.97,0.5,1.26,0.56,30,21
Around settlements & agri,78,27,11.9,5.23,1.57,0.23,1.29,0.44,2.45,0.94,30,19
ARTICHOKE,49,27,7.88,6.38,1.94,0.1,1.63,0.48,2.53,0.61,37,11
ASCLEPIAS,38,36,9.14,6.2,2.14,0.1,1.37,0.71,1.17,0.39,31,17
ASPARAGUS,76,30,9.26,6.2,0.28,0.85,1.03,0.43,1,0.83,35,11
ASPELINIUM,31,12,6.73,5.93,1.44,0.68,0.71,0.32,1.49,0.06,34,17
ASPIDISTRA,82,38,12.09,5.63,0.64,0.24,0.73,0.7,1.02,0.05,36,24
ASTER,31,23,6.91,6.46,0.87,0.76,1.02,0.43,1.6,0.9,30,15
AVOCADO,38,12,10.79,5.33,1.56,0.89,1.76,0.25,1.5,0.91,26,21
BANANA,45,16,9.57,5.29,2.03,0.65,1.82,0.6,2.53,0.93,32,10
BARBATUS,29,19,11,5.55,1.13,0.97,0.85,0.21,1.63,0.05,33,15
BARLEY,23,22,12.07,4.98,1.83,0.76,1.84,0.31,1.74,0.15,30,10
BARLEY STRAW,60,21,8.56,5,2.01,0.71,1.54,0.41,1.17,0.76,28,16
BASIL,56,34,9.7,5.52,0.38,0.81,1.46,0.07,1.76,0.11,31,10
BEAN VINE,83,30,9.42,5.49,1.31,0.72,0.76,0.3,1.46,0.11,34,22
BEANS,70,13,7.89,5.62,1.51,0.72,1.08,0.18,1.22,0.72,35,20
BEANS DRY,37,30,12.17,4.95,1.46,0.77,1.3,0.56,0.95,0.37,33,24
"BEET, GREENS",62,21,8.79,5.01,0.55,0.75,1.52,0.24,2.54,0.36,29,19
BEETROOT,75,31,11.53,5.55,2.24,0.33,1.79,0.43,1.67,0.27,32,16
BEGONIA,41,37,9.08,6.03,1.07,0.53,0.8,0.18,1.6,0.07,36,15
BELL PEPPER,63,28,10.18,5.92,0.18,0.88,1.12,0.68,2.83,0.71,27,14
BELLIS PERENNIS,40,40,7.88,5.97,1.91,0.89,1.08,0.43,1.09,0.21,38,14
BIOLOGICAL CROPS,83,20,12.08,5.83,0.59,0.54,0.69,0.33,1.27,0.34,30,23
BLACKBERRY,52,36,12.04,4.53,2,0.87,1.43,0.35,1.9,0.18,33,21
BOCK CHOY LEAVES,35,21,8.32,5.62,0.79,0.02,0.65,0.34,1.06,0.64,30,14
BOHYNIA,48,32,12.43,4.67,0.44,0.83,1.16,0.52,2.55,0.51,27,13
BONGAINVILLEA,38,33,11.65,4.73,0.91,0.81,1.36,0.8,1.21,0.87,35,12
BRAN,46,23,6.58,5.13,0.87,0.12,0.84,0.56,1.69,0.66,33,23
BRASSICA,62,24,9.14,5.98,2.23,0.28,1.26,0.56,2.76,0.44,30,17
BROAD BEAN,34,30,11.91,4.64,1.6,0.23,0.94,0.44,2.07,0.7,34,21
BROCCOLI,23,19,9.54,5.16,1.92,0.84,0.69,0.35,2.84,0.59,37,13
BRUSSELS SPROUTS,30,12,7.95,6.15,0.96,0.43,1.69,0.18,2.53,0.63,30,24
BUCKWEAT,70,27,9.13,5.66,0.61,0.69,1.14,0.55,1.08,0.03,37,13
BULB VEGETABLE,23,10,12.09,5.74,1.08,0.92,0.92,0.28,2,0.92,32,23
BULBS,27,17,10.26,5.63,0.16,0.62,0.91,0.26,0.9,0.92,29,20
CABBAGE,38,16,10.86,5.3,0.87,0.04,1.4,0.38,1.94,0.46,29,23
CABBAGE SAVOY,50,24,9.32,6.31,0.28,0.85,0.79,0.73,1.95,0.26,31,13
CACAO BEANS,76,21,9.73,4.98,0.26,1.03,1.63,0.61,2.64,0.82,32,12
CALENDULA,45,39,6.94,6.39,1.74,0.99,0.73,0.08,1,0.11,26,13
CALLA,56,17,10.29,5.91,2.13,0.39,1.67,0.26,1,0.13,29,10
CALLISTEMON,69,18,7.42,4.77,0.75,0.43,1.5,0.69,1.68,0.07,35,17
CALMONADIN,28,10,7.35,4.74,1.76,0.99,1.24,0.27,1.16,0.04,29,14
CANARY PALM,34,27,7.5,5.24,2,0.59,1.47,0.26,1.2,0.18,34,14
CANTALOUP,50,35,8.17,5.19,1.21,0.98,1.23,0.02,2.29,0.14,26,22
CARCASE MEAT,38,21,8.49,4.51,1.9,0.87,1.09,0.8,1.58,0.42,38,11
CARNATION,31,20,10.86,4.94,2.11,0.21,1,0.61,1.21,0.22,36,18
CAROB,76,11,9.7,4.94,1.33,0.59,1.09,0.73,2.85,0.35,31,10
CARROT,80,34,7.75,5,0.67,0.03,0.68,0.69,1.78,0.58,34,12
CASHEW,30,21,9.67,4.65,1.88,0.11,1.26,0.57,0.95,0.44,27,16
CASUARINA,23,23,8.15,5.46,0.36,0.27,0.76,0.4,0.91,0.55,34,20
CATTLE,78,19,11.51,6.31,1.95,0.73,1.22,0.36,1.97,0.41,27,24
CAULIFLOWER,46,21,6.98,4.54,0.67,0.39,0.86,0.55,2.62,0.33,33,16
CELERIAC,69,17,11.62,5.17,0.48,0.41,1.7,0.14,1.99,0.91,30,23
CELERY,30,11,12.45,6.41,1.29,0.51,1.61,0.4,2.42,0.15,36,19
CENTAUREA,85,26,11.76,6.08,2.02,0.28,1.56,0.18,1.07,0.82,38,20
CEREALS,89,22,10.4,4.63,0.56,0.11,0.9,0.76,1.24,0.75,27,12
CHAMDURIEA,30,28,9.81,5.22,0.46,0.47,0.79,0.64,1.44,0.61,37,20
CHARD,38,28,9.96,6.12,0.37,0.78,0.94,0.48,2.43,0.47,25,21
CHEESE,88,13,9.58,4.87,1.51,0.38,1.71,0.55,2.46,0.08,25,17
CHERBIL,38,26,12.44,5.08,1.85,0.75,1.41,0.15,1.13,0.58,30,15
CHERRY,75,29,12.11,5.74,0.95,0.79,1.07,0.45,1.05,0.74,38,23
CHESTNUTS,81,15,7.64,6.21,1.34,0.86,0.9,0.65,0.92,0.39,29,20
CHESTRUM,86,18,6.88,5.43,0.49,0.62,0.97,0.59,2.65,0.4,28,11
CHICK PEA,86,34,9.5,5.82,0.8,0.43,0.98,0.72,0.92,0.56,29,13
CHICORY,61,16,7.18,5.94,1.64,0.85,1.61,0.16,2.22,0.1,25,12
CHILI PEPPER,44,17,11.33,5.85,1.34,0.31,0.79,0.27,2.54,0.62,28,21
CHINESE CABBAGE,20,13,7.07,5.23,1.9,0.66,1.24,0.42,1.29,0.38,36,13
Chinese sprouts,44,25,6.99,5.57,0.81,0.74,1.35,0.35,1.7,0.65,30,19
CHIVES,72,33,8.73,4.71,1.52,0.82,1.56,0.84,2.38,0.48,36,14
CHIX,63,38,10.62,4.99,2.1,0.79,0.91,0.38,1.57,0.18,35,18
CHRYSANTHEMUM,51,29,6.89,5.25,2.2,0.37,0.94,0.19,2.28,0.11,36,12
CINERARIA,75,11,8.82,6.39,1.79,0.62,0.9,0.43,2.29,0.6,32,13
CITRON,86,25,8.07,5.65,0.7,0.24,0.75,0.13,1.72,0.22,27,16
CITRUS FRUIT,49,12,10.15,4.68,0.58,0.77,1.47,0.23,2.29,0.58,35,17
CITRUS JUICE,78,28,12.16,6.34,0.53,0.64,0.95,0.06,1.82,0.24,29,12
CLEMENTINE,59,18,8.93,4.78,0.32,0.33,1.26,0.33,1.51,0.1,28,18
CLOVER,34,22,11.03,6.04,1.33,0.97,0.69,0.42,1.75,0.33,38,16
COCOA BUTTER,35,10,11.52,5.03,0.82,0.12,0.77,0.18,2.77,0.75,35,16
COCOA MASS,69,14,8.77,6.05,0.34,0.3,1.09,0.73,1.28,0.6,37,18
COFFEE BEANS,36,15,9.63,5.84,1.23,0.22,0.97,0.67,2.11,0.26,32,24
COLD STORAGE ROOMS,36,17,10.31,4.77,1.56,0.84,0.7,0.8,2.79,0.48,32,22
COLRUTARIA,22,21,7.16,4.93,0.6,0.68,1.13,0.09,2.85,0.92,34,23
Compost,44,24,11.58,5.11,0.4,0.87,1.11,0.45,1.59,0.27,36,14
CORCHORUS OLITORIUS,29,21,8.83,6.09,1.49,0.48,1.5,0.78,1.87,0.32,38,23
CORDLYN,53,31,7.02,5.78,1.02,0.62,0.66,0.48,1.06,0.56,34,16
CORIANDER,88,36,9.08,5.67,0.15,0.17,1.6,0.22,2.65,0.36,30,13
CORN,65,27,8.85,5.7,0.56,0.03,0.93,0.22,2,0.73,30,24
COTONEASTER,45,14,10,6.03,0.49,0.03,1.26,0.69,1.05,0.17,34,16
COTTON,32,18,9.36,4.88,0.68,0.09,0.69,0.04,0.88,0.37,30,10
COTTON FORAGE,24,20,8.59,4.73,0.78,0.07,1.02,0.63,2.22,0.78,29,17
COTTONSEED OIL,78,35,11.36,4.78,0.65,0.65,1.52,0.13,2.82,0.94,30,21
COWPEA,86,17,11.51,6.05,1.89,0.66,1.24,0.31,1.95,0.05,35,19
CROTON,76,37,7.36,4.62,0.51,0.14,1.35,0.59,1.15,0.64,26,19
CUCUMBER,74,25,8.26,5.01,1.42,0.76,1.67,0.1,1.7,0.72,34,15
CUCURBITS,25,20,7.99,5.79,0.27,0.34,0.75,0.35,2.5,0.45,28,17
CUPRESSUS,41,10,7.67,4.62,1.69,0.41,1.08,0.25,1.12,0.41,30,11
CURRANT,26,21,10.5,4.71,1.11,0.71,0.68,0.02,1.02,0.32,32,23
CYMBOPOGON,80,33,11.58,5.45,1.3,0.14,0.72,0.1,2.78,0.75,30,22
DAHLIA,24,22,10.53,5.4,0.48,0.94,1.05,0.01,1.46,0.51,29,12
DASTERIUM,68,38,12.14,5.43,1.58,0.58,1.12,0.08,1.77,0.48,26,13
DATE,65,16,10.78,5.37,0.53,0.16,1.53,0.25,1.6,0.13,30,21
DECIDUOUS FRUIT TREES,24,15,8.53,6.15,2.19,0.32,0.77,0.35,1.93,0.68,30,19
DELBARGIA,54,38,10.64,5.19,1.18,0.61,1.02,0.14,2.35,0.57,37,11
DELICHIOZA,49,17,8.61,4.76,1.09,0.14,1.35,0.19,1.07,0.59,31,17
DELPHINIUM CONSOLIDA,53,19,9.26,5.8,1.5,0.72,1.09,0.64,2.33,0.37,35,11
DETACHED ROOT BED,63,16,10.17,6.45,1.27,0.48,0.66,0.17,1.93,0.33,34,17
DEWBERRIES,30,27,12.29,4.78,2.12,0.37,1.17,0.79,1.24,0.05,36,24
DIFFENBACHIA,37,16,10.85,4.8,2.24,0.09,1.08,0.37,2.24,0.51,30,15
DILL,41,17,11.11,4.79,0.71,0.09,1.13,0.63,0.98,0.29,26,21
DRACAENA SP.,56,10,10.4,4.63,1.58,0.7,1.78,0.4,2.78,0.08,32,10
DRAGONFRUIT,59,26,9.53,5.19,1.03,0.02,1.49,0.24,1.93,0.52,33,15
DRAINAGE TRENCH,79,35,10.05,4.6,0.73,0.56,1.55,0.09,2.11,0.69,30,10
DRIED FISH,65,21,11.11,6.01,0.26,0.47,1.79,0.44,2.49,0.86,28,16
DRIED FOOD,81,36,10.25,5.07,1.33,0.44,1.68,0.13,2.69,0.15,31,10
DRIED FRUIT,89,38,7.93,5.61,2.11,0.14,0.98,0.75,1.22,0.81,34,22
DRIED VEGETABLES,64,39,10.3,4.82,1.48,0.25,1.81,0.09,1.37,0.9,35,20
DURANTA,65,13,8.24,6.12,1.4,0.52,1.65,0.08,1.46,0.05,33,24
EASTER LILY,83,35,10.9,5.96,2.25,0.58,1.29,0.17,2.72,0.45,29,19
EASY PEALER,81,16,10,5.74,1.72,0.94,0.87,0.53,2.21,0.21,32,16
ECHINOPS SP.,62,26,11.31,6.04,2.24,0.38,1.66,0.58,2.37,0.23,36,15
EDIBLE OFFAL,24,10,11.86,6.2,0.44,0.54,1.46,0.6,2.42,0.38,27,14
EDIBLE VEGETABLE OIL,20,11,9.45,5.57,1.77,0.29,0.93,0.67,1.44,0.51,38,14
EGG PLANT,79,14,11.28,5.1,0.15,0.54,1.19,0.13,2.63,0.6,30,23
EGGS,61,21,6.62,5.37,2.08,0.08,0.74,0.61,2.41,0.12,33,21
"ENDIVES, CHICORY",56,38,7.09,6.47,2.09,1.01,0.92,0.44,2.78,0.95,30,14
ESTRAGON,75,32,9.33,5.82,2.12,0.93,1.73,0.46,2.43,0.51,27,13
EUCALYPTUS,29,20,8.92,6.35,2.01,0.45,1.84,0.82,1.03,0.56,35,12
EUONYMUS,76,28,9.35,5.87,2.05,0.36,1.46,0.25,1.14,0.64,33,23
EUPHORBIA,81,29,8.59,4.91,1.37,0.53,0.68,0.13,1.57,0.68,30,17
EUROPEAN PLUM,55,39,8.61,5.81,0.38,1.01,1.54,0.57,2.48,0.65,34,21
EVONIMUS,43,24,6.62,4.74,1.76,0.79,0.81,0.75,2.73,0.26,37,13
FALLOE,85,18,7.46,6.14,0.22,0.52,0.69,0.23,2.05,0.34,30,24
FAT,31,17,12.13,4.61,0.79,0.86,1.48,0.45,1.68,0.67,37,13
FEIJOA,65,23,11.06,5.87,1.55,0.28,1.48,0.61,2.48,0.65,32,23
FENNEL,80,15,8.85,6.13,0.26,0.75,0.84,0.33,1.9,0.56,29,20
FERNS,46,22,7.37,4.57,1.32,0.03,1.82,0.13,2.69,0.28,29,23
FICUS,24,13,11.81,5.29,1,0.08,1.81,0.14,2.05,0.15,31,13
FICUS PUMILA,59,40,8.09,5.23,2.13,0.05,1.58,0.74,2.68,0.8,32,12
FIELD CROPS,33,13,7.81,5.17,0.17,0.07,0.71,0.85,1.88,0.23,26,13
FIELD PREPARATION,68,26,6.52,6.25,0.82,0.46,0.92,0.74,1.54,0.38,29,10
FIG,20,10,12.21,6.25,0.64,0.3,1.76,0.39,1.8,0.84,35,17
FILBERT,55,12,8.88,5.66,0.38,0.4,1.14,0.55,2.72,0.31,29,14
FISH,49,22,7.89,4.94,0.34,0.3,1.27,0.48,1.16,0.7,34,14
FISH PONDS,79,32,7.51,5.17,1.17,0.27,1.82,0.77,2.26,0.37,26,22
FISTACHIA,72,18,7.35,4.75,1.63,0.56,1,0.25,2.22,0.74,38,11
FLAX,24,15,10.53,4.58,1.6,0.62,0.89,0.75,2.83,0.84,36,18
FLOUR,50,38,11.26,4.83,0.31,0.89,1.01,0.18,1.19,0.55,31,10
FLOWERS,57,16,7.86,4.54,0.17,0.2,1.15,0.56,1.13,0.7,34,12
FODDER,71,40,11.22,6.42,1.64,0.76,1.17,0.3,0.9,0.91,27,16
FODDER BEET,41,27,10.09,6.19,2.03,0.72,1.83,0.76,2.82,0.49,34,20
FORAGE CORN,29,11,11.59,5.82,0.92,0.86,0.7,0.11,1.26,0.95,27,24
FORAGE CROPS,49,22,8.01,6.35,0.74,0.58,1.78,0.42,2.4,0.32,33,16
FOREST,89,38,7.93,5.51,0.42,0.03,1.08,0.22,2.04,0.39,30,23
FRENCH BEAN,43,14,9.78,5.49,1.19,0.26,1.31,0.68,2.36,0.86,36,19
FRUITING VEGETABLE,31,20,10.52,6.35,2.07,0.09,1.38,0.82,2.46,0.16,38,20
FRUITS,29,10,10.56,4.94,2.24,0.14,1.17,0.24,1.92,0.67,27,12
FUCHSIA,47,19,10.11,6.08,0.59,0.17,1.1,0.08,2.11,0.16,37,20
GARDINIA,50,29,11.48,4.57,0.94,0.74,0.71,0.56,2.35,0.05,25,21
GARLIC,29,19,11.58,5.79,0.74,0.49,0.8,0.51,1.01,0.57,25,17
GERANIUM,25,15,9.25,4.57,0.24,0.54,1.54,0.61,2.24,0.1,30,15
GERBERA,59,20,11.24,4.85,0.65,0.31,1.57,0.84,1.29,0.49,38,23
GHERKIN,77,17,8.46,5.56,1.76,0.37,0.99,0.5,2.59,0.23,29,20
GINGER,20,19,10.56,4.73,1.38,0.84,1.66,0.02,2.62,0.77,28,11
GLADIOLI,52,19,10.16,5.97,2,1.01,0.93,0.72,2.82,0.18,29,13
GLOBOLARIA,50,26,12.24,6.46,1.62,0.31,1.08,0.29,2.29,0.26,25,12
GLOXINIA,55,26,10.61,5.13,0.68,0.14,0.67,0.83,1.4,0.39,28,21
GOAT,47,22,7.92,4.99,1.61,0.54,0.71,0.35,0.89,0.38,36,13
GODETIA,24,10,8.41,6.33,1.43,0.7,1.73,0.48,2.19,0.84,30,19
GODTIA,66,23,9.43,4.77,1.27,0.34,1.07,0.47,2.39,0.18,36,14
GOOSEBERRY,68,28,9.76,6.08,1.77,0.34,1.5,0.85,1.87,0.04,35,18
GRAIN CORN,88,14,9.27,5.93,0.97,1.01,1.24,0.75,2.81,0.7,36,12
GRAINS,42,20,12.01,6.34,1.64,0.49,1.59,0.15,0.93,0.32,32,13
"GRAINS, STORAGE",22,10,6.9,6.42,1.38,0.31,1.08,0.44,2.58,0.2,27,16
GRAPE POMACE,81,27,10,4.74,1.69,0.36,1.15,0.57,2,0.04,35,17
GRAPEFRUIT,78,38,8.63,6.25,0.75,0.18,1.27,0.61,0.91,0.89,29,12
GRAPES,62,36,7.51,4.58,0.17,0.42,1.48,0.36,1.16,0.22,28,18
GRASS,60,40,12,5.91,2.13,0.23,1.04,0.46,2.74,0.46,38,16
GRAZING LAND,60,33,6.55,6.26,1.89,0.37,1.37,0.78,1.1,0.64,35,16
GREVILLEA,22,16,7.93,5.3,1.87,0.33,1.21,0.44,1.39,0.41,37,18
GUAVA,75,12,10.82,4.83,0.76,0.07,0.74,0.12,2,0.45,32,24
GYPSOPHILA,32,11,6.9,4.65,1.24,0.98,1.79,0.68,2.53,0.51,32,22
HAY,77,20,7.6,4.82,0.99,0.91,0.83,0.49,1.66,0.47,34,23
HAZELNUTS,38,31,8.57,5.62,2.18,0.41,1.75,0.19,0.95,0.85,36,14
HEDERA,27,23,11.82,5.36,0.97,0.54,1.28,0.23,2.51,0.08,38,23
HELIANTHUS,40,18,9.28,4.55,0.43,0.92,1.3,0.77,1.25,0.06,34,16
HELIANTHUS TUBEROSUS,53,17,9.14,6.27,1.7,0.48,1.52,0.24,2.27,0.55,30,13
HERBS,90,27,7.41,5.48,1.29,0.91,1.39,0.62,0.91,0.05,30,24
HIBISCUS,20,13,7.02,6.45,0.42,0.6,0.82,0.25,0.94,0.87,34,16
HILBA,64,37,11.14,6.25,2.02,0.52,1,0.52,2.36,0.87,30,10
HIPPEASTRUM,52,40,11.74,5.6,0.74,0.04,1.27,0.48,2.48,0.37,29,17
HOGS,84,16,9.56,6.43,0.23,0.38,1.47,0.67,1.81,0.84,30,21
HONEY,23,21,9.08,6.37,2.15,0.9,0.93,0.32,1.39,0.79,35,19
HOPS,86,17,11.63,5.57,1.16,0.31,0.77,0.42,2.24,0.69,26,19
HORSERADISH,62,32,9.83,6.07,0.49,0.54,1.1,0.63,1.66,0.78,34,15
HORSES,21,19,7.9,5.47,2.06,0.78,0.91,0.8,1.27,0.59,28,17
HYDRANGEA,61,19,8.05,6.12,0.15,0.14,0.82,0.64,2.38,0.88,30,11
HYPERICUM,65,14,10.71,6.06,1.25,0.08,0.69,0.19,1.44,0.78,32,23
HYPOESTES,78,38,9.59,6.09,1.21,0.39,0.84,0.42,1.92,0.34,30,22
HYPOESTES PHYLLOSTACHY,70,32,7.28,6.02,1.02,0.22,0.66,0.5,1.44,0.88,29,12
HYSSOP,23,11,11.1,5.23,2.03,0.37,1.77,0.29,1.49,0.55,26,13
IMPETIANS,23,21,11.3,4.53,0.39,0.27,1.66,0.06,2.56,0.49,30,21
In Settlement,27,26,11.55,6.44,0.24,0.95,1.11,0.44,1.15,0.21,30,19
INDUSTRIAL CROPS,35,18,12.4,5.74,0.38,1.03,1.35,0.8,1.19,0.93,37,11
IRIS,29,28,10.13,5.18,0.35,0.25,1.68,0.76,2.42,0.22,31,17
IXIA,41,35,10.12,5.34,2,0.39,1.12,0.76,2.37,0.91,35,11
IXORA,51,36,11.48,6.48,1.6,1,1.53,0.1,2.16,0.61,34,17
JACARANDA,76,38,9.13,5.57,0.91,0.5,1.17,0.34,2.84,0.37,36,24
JANIPERUS,51,26,11.5,6.5,2.04,0.71,1.38,0.7,2.56,0.1,30,15
JAPANESE PLUM,51,23,7.95,5.65,1.34,0.22,1.1,0.62,2.77,0.51,26,21
JAPANESE RADISH,57,23,10.41,5.43,0.22,0.2,0.69,0.03,1.44,0.22,32,10
JASMIN,65,28,6.79,6.44,1.19,0.65,0.72,0.77,0.92,0.91,33,15
JUJUBE CHINESE(SIMMONDSIA,35,19,12.04,5.34,1.47,0.44,0.76,0.84,2.31,0.35,30,10
KALANCHOE',76,21,7.38,5.77,0.98,0.44,0.91,0.76,2.29,0.18,28,16
KALE,55,28,12.01,6.01,0.36,0.89,1.06,0.02,1.89,0.29,31,10
KIWI,25,19,8.75,5.58,0.36,0.94,1.44,0.5,2.73,0.57,34,22
KOCHIA,39,30,8.86,4.64,1.93,0.93,1.67,0.47,1.72,0.79,35,20
KOHLRABI,32,27,7.2,4.5,1.23,0.03,1.23,0.14,1.64,0.9,33,24
KOLEOS,54,39,9.02,4.84,0.74,0.03,0.84,0.39,2.58,0.52,29,19
KUMQUATS,42,15,11.4,5.12,1.83,0.13,1.1,0.01,2.1,0.32,32,16
LANTENA,25,18,6.87,5.26,1.14,0.38,1.29,0.4,2.3,0.72,36,15
LAWN,88,30,11.79,5.12,1.06,0.8,1.34,0.03,1.82,0.59,27,14
LEAFY VEGETABLES,68,12,12.25,5.72,0.39,0.28,1.81,0.06,1.1,0.13,38,14
LEEK,46,21,6.98,4.86,1.02,0.45,0.86,0.29,1.56,0.06,30,23
LEGUME OILSEEDS,63,33,7.83,5.82,0.27,0.5,0.87,0.08,2.37,0.68,33,21
LEGUME SEEDS,58,10,8.48,5.72,0.37,0.31,1.76,0.26,2.28,0.94,30,14
LEGUME VEGETABLE,87,39,9.21,4.99,1,0.82,1.02,0.77,2.4,0.44,27,13
LEGUMS,38,22,11.26,5.35,1.77,0.34,0.77,0.02,2.5,0.14,35,12
LEMONS,24,18,6.77,6.49,1.86,0.85,1.21,0.46,1.67,0.94,33,23
LENTILS,77,14,11.49,5.45,1.34,0.47,0.94,0.79,2.77,0.23,30,17
LEPIDIUM RUDERALE,35,18,12.44,5.3,1.03,0.36,1.57,0.17,2.74,0.52,34,21
LEPTOSPERMON,80,34,8.35,4.74,0.16,0.48,1.82,0.04,1.77,0.13,37,13
LEPTOSPERMUM,41,28,9.87,4.93,2,0.46,1.27,0.63,1.69,0.63,30,24
LETTUCE,81,23,11.11,5.02,2.23,0.9,0.8,0.07,1.95,0.03,37,13
LIATRIS,30,17,8.75,5.91,1,0.7,1.54,0.27,2.06,0.86,32,23
LICHEE,59,21,11.24,5.35,0.22,0.49,0.94,0.19,1.6,0.75,29,20
LILIUM,77,25,9.4,6.04,1.03,0.36,0.97,0.58,2.54,0.89,29,23
LIMES,61,22,11.09,5.35,1.19,0.31,0.98,0.74,2.2,0.94,31,13
LIMONIUM SENUATUM,59,31,11,5.29,0.77,0.86,1.67,0.31,1.11,0.7,32,12
LIMONIUM SP,45,37,12.27,5.26,1.27,0.18,1.59,0.21,1.51,0.84,26,13
LIMQUAT,37,22,7.24,4.77,0.99,0.53,0.86,0.25,1.65,0.45,29,10
LINSEED,37,10,9.61,5.43,0.82,0.19,1.84,0.33,1.21,0.75,35,17
LINSEED OIL,32,27,8.73,4.57,0.7,0.63,1.61,0.04,1.58,0.63,29,14
LISIANTUS,86,21,7.91,6.01,0.59,0.46,1.29,0.25,2.36,0.87,34,14
LOQUAT,72,13,10.82,5.82,2.02,0.23,1.69,0.73,1.49,0.52,26,22
LOVAGE,40,20,11.56,5.95,1.97,0.05,1.25,0.44,0.97,0.94,38,11
LUISA,22,15,6.59,6.05,2.22,0.69,0.66,0.29,1.67,0.42,36,18
LYATHYRUS OBORATUS,40,29,7.06,6.31,0.51,0.92,1.49,0.62,2.54,0.17,31,10
LYGUSTRUM,56,39,7.66,5.67,1.36,0.4,0.82,0.48,1.89,0.56,34,12
LYSIMACHIA,50,31,8.62,6.22,1.13,0.77,1.43,0.64,2.3,0.6,27,16
MACADAMIA NUTS,24,21,6.73,5.24,1.88,0.33,0.93,0.62,1.22,0.36,34,20
MACROPHYLLA,37,24,7.53,4.91,1.67,0.56,1.35,0.84,1.4,0.04,27,24
MAIZ OIL,27,24,11.45,5.22,0.36,0.23,1.15,0.62,1.16,0.1,33,16
MAMMALIAN,50,19,12.16,5.05,0.72,0.55,0.67,0.08,0.96,0.18,30,23
MANDARIN,20,14,7.57,5.41,0.77,1.05,0.98,0.3,1.44,0.22,36,19
MANDEVILLA,64,14,11.11,6.04,2.16,0.5,1.2,0.11,2.24,0.67,38,20
MANGO,35,24,11.61,5.71,1.39,0.18,1.78,0.65,2.84,0.27,27,12
MARJORAM,38,22,8.25,6.16,0.96,0.12,1.81,0.04,1.27,0.35,37,20
MASANJANA,76,15,10.42,5.77,2.1,0.54,0.68,0.7,1.4,0.24,25,21
MATRICARIA,73,23,11.23,6.23,0.27,0.37,1.62,0.85,2.36,0.27,25,17
MATTHIOLA,31,29,8.06,5.59,1.35,0.37,0.77,0.2,2.49,0.74,30,15
MEAT,80,39,8.41,6.28,2.25,0.51,1.73,0.04,2.25,0.9,38,23
MELALEUCA,30,24,11.78,4.79,1.96,0.14,0.98,0.29,1.22,0.3,29,20
MELISA,52,33,7.24,5.27,1.02,0.25,1.07,0.79,2.35,0.93,28,11
MELON,27,19,8.72,5.69,0.31,0.58,0.76,0.03,1.95,0.26,29,13
MICROMERIA FRUTICOSA,33,30,10.87,5.45,1.01,0.49,1.13,0.61,2.1,0.17,25,12
MILK,66,15,11.76,5.72,1.27,0.75,1.05,0.6,1.2,0.78,28,21
MILK PRODUCTS,43,17,10.48,6.41,0.72,0.68,1.82,0.5,2.16,0.61,36,13
MILLET,36,35,10.82,5.93,1.91,0.81,1.37,0.59,2.58,0.83,30,19
MINEOLA,62,30,10.52,4.51,1.53,0.89,0.77,0.45,1.26,0.82,36,14
MINT,38,29,9.37,5.13,0.18,0.7,1.58,0.33,2.29,0.21,35,18
MIROCLAUDIUS,80,20,10.57,5.89,0.68,0.08,1.19,0.73,1.95,0.25,36,12
MISCELLANEOUS FOOD,88,30,8.8,6.15,2.18,0.39,0.78,0.71,1.98,0.94,32,13
MIZONA,59,28,12.06,5.16,0.7,1,0.76,0.44,2.6,0.27,27,16
MONSTERA,20,13,11.69,5.57,0.88,0.33,1.31,0.24,2.61,0.92,35,17
MRL-TRIADIMEFON,33,21,11.97,5.07,1.73,0.89,0.7,0.57,1.02,0.28,29,12
MUSHROOMS,84,29,6.58,5.06,2.08,0.24,0.9,0.79,1.16,0.8,28,18
MUSK MELON,60,21,10.6,4.95,1.36,0.14,0.76,0.04,1.81,0.29,38,16
MUSTARD GREEN,90,36,11.13,5.91,1.58,0.8,1.09,0.23,1.49,0.17,35,16
MUSTARD SEED,81,17,7.59,4.81,1.66,0.62,1.12,0.39,1.7,0.05,37,18
MYRTUS,36,12,9.69,6.39,0.6,0.25,1.3,0.36,2.02,0.1,32,24
NARCISSUS,71,17,8.28,5.31,1.21,0.39,1.19,0.7,1.15,0.78,32,22
NECTARINE,56,38,7.78,4.98,2.19,0.2,0.78,0.42,1.39,0.25,34,23
NEPHROLEPIS,23,21,7.97,5.13,1.24,0.46,0.66,0.23,1.57,0.38,36,14
NERINE,58,14,7.82,5.66,1.88,0.17,1.62,0.75,0.89,0.2,38,23
NIME SPP.,30,29,11.04,4.77,0.66,0.17,1.11,0.49,0.95,0.19,34,16
NON-CROPLAND,28,23,8.11,5.86,0.83,0.28,1.54,0.37,1.68,0.49,30,13
NOVA,43,30,8.03,5.1,0.38,0.63,1.77,0.24,1.59,0.7,30,24
NURSERIES,68,31,8.5,5.8,0.25,0.09,1.23,0.4,1.99,0.42,34,16
NURSERRY STAK,54,20,10.69,5.17,1.92,0.25,1.54,0.07,1.27,0.3,30,10
NUTS,51,15,12.41,6.43,1.13,0.65,1.25,0.15,1.14,0.7,29,17
OAK,57,21,9.59,5.06,0.38,0.15,1.8,0.03,1.34,0.44,30,21
OAT,64,18,8.82,5.75,0.66,0.44,1.1,0.78,2.35,0.38,35,19
OAT STRAW,35,21,7.13,6.07,1.28,0.87,1.83,0.4,1.69,0.3,26,19
OILSEED,86,38,6.62,4.66,0.79,0.7,1.65,0.34,2.48,0.43,34,15
OKRA,90,25,7.54,5.77,2.15,0.2,1.35,0.74,2.05,0.58,28,17
OLEANDER,65,13,7.52,5.31,1.12,0.49,1.55,0.57,2.74,0.53,30,11
OLIVE OIL,59,29,11.66,4.79,1.83,0.64,1.57,0.61,2.59,0.06,32,23
OLIVES,48,25,6.67,6.13,0.91,0.2,1.17,0.83,1.11,0.12,30,22
ONION,39,12,11.33,5.61,0.51,0.36,1.62,0.17,2.74,0.87,29,12
"ONION, BULB",53,30,7.45,5.18,0.33,0.82,1.06,0.36,1.79,0.45,26,13
OR,60,25,9.04,5.98,1.65,0.8,1.77,0.57,1.98,0.23,30,21
ORANGE,61,21,10.66,5.21,1.12,0.88,1.34,0.47,2.67,0.79,30,19
ORCHARD,71,29,8.64,5.38,0.19,1.04,1.05,0.6,1.38,0.23,37,11
OREGANO,89,18,12.47,6.03,0.18,0.63,1.81,0.28,1.35,0.21,31,17
ORNAMENTAL GARDEN,22,11,12.15,5.38,0.52,0.01,1.34,0.08,2.58,0.3,35,11
ORNAMENTAL PLANTS,88,13,9.98,6.32,0.22,1.03,0.77,0.72,2.53,0.64,34,17
ORNAMENTAL TREES,28,19,12.23,6.15,0.84,0.92,1.84,0.79,1.57,0.52,36,24
ORNITHOGALUM,83,35,9.7,5.46,1.45,0.73,1.49,0.2,1.28,0.33,30,15
OTHER CEREALS,81,26,6.79,6.31,1.93,0.05,0.87,0.7,2.58,0.87,26,21
OTHER FOOD,67,13,10.32,6.09,1.53,0.27,0.71,0.75,2.2,0.92,32,10
OTHERS,42,32,9.63,4.67,1.33,0.52,1.68,0.51,2.75,0.16,33,15
PAEONIA LACTIFLORA,20,17,10.15,5.79,1.89,0.29,1.52,0.78,2.74,0.68,30,10
PAPAYA,39,19,6.54,5.05,2.03,0.89,1.3,0.67,1.69,0.18,28,16
PARSLEY,51,33,12,6.42,1.94,0.02,1.7,0.55,1.15,0.33,31,10
PARSLEY (roots and leaves,57,27,11.67,6.32,0.17,0.76,0.75,0.67,2.16,0.83,34,22
PARSNIP,42,15,10.12,4.84,2.06,0.48,1.28,0.1,0.92,0.66,35,20
PARTHENOCISSUS,73,22,11.64,6.47,0.62,0.04,0.78,0.21,2.22,0.55,33,24
PASSION FRUIT,29,24,6.58,6.28,0.2,1,1.34,0.13,1.95,0.16,29,19
PEA VINE,45,32,11.75,5.2,1.78,0.41,1.09,0.02,1.09,0.51,32,16
PEACH,62,28,11.63,5.53,2.25,0.67,1.37,0.41,1.62,0.04,36,15
PEANUT,36,34,11.93,6.29,0.86,0.54,1.43,0.8,0.96,0.11,27,14
PEANUT HULLS,75,37,11.78,5.76,0.54,0.91,0.69,0.57,2.01,0.13,38,14
PEANUTS HAY,30,19,7.5,5.71,1.21,0.26,1.21,0.33,1,0.62,30,23
PEANUTS OIL,27,13,7.85,5.61,2.25,0.51,1.51,0.62,2.22,0.38,33,21
PEAR,61,10,7.95,5.25,0.32,0.95,1.23,0.62,2.54,0.41,30,14
PEAS,57,29,9.43,6.12,0.64,0.7,0.95,0.49,2.38,0.31,27,13
PECAN,57,12,9.47,5.57,1.44,1.03,1.54,0.82,2.06,0.83,35,12
PENCILLARIA,31,26,10.53,5.83,1.97,0.37,1.67,0.67,1.92,0.49,33,23
PEPEROMIA,24,16,9.86,6.34,1,0.79,1.32,0.24,1.44,0.37,30,17
PEPPER,64,11,7.81,5.12,1.52,1.05,1.48,0.6,2.32,0.38,34,21
"PEPPERS, SWEET",59,19,10.9,6.07,1.44,0.36,1.49,0.76,2.07,0.07,37,13
PERSIMMON,47,10,6.5,6.14,0.17,0.34,0.7,0.63,2.13,0.28,30,24
PETOSPERMON,45,16,10.77,5.07,0.97,0.47,0.66,0.09,2.56,0.68,37,13
PETUNIA,60,33,8.43,5.97,0.85,0.74,1.33,0.23,1.48,0.93,32,23
PHILODENDRON,43,15,6.58,5.43,1.55,1.01,1.07,0.84,2.22,0.79,29,20
PHLOX,89,31,9.29,4.8,2.08,0.46,1.06,0.03,2.07,0.65,29,23
PHOENIX,66,15,6.52,5.77,1.96,0.84,1.41,0.82,2.56,0.85,31,13
PHOTUS,52,38,8.5,6.3,0.91,0.48,1.52,0.09,2,0.61,32,12
PIMEN TOES,68,29,9.63,5.88,1.55,0.13,1.26,0.4,1.98,0.29,26,13
PINE SPP.,44,10,10.05,5.89,0.49,0.96,1.14,0.06,2.38,0.76,29,10
PINEAPPLE,44,31,8.67,6.07,0.98,0.44,1.3,0.69,2.81,0.19,35,17
PISTACHIO NUT,84,34,11.89,5.96,1.43,0.81,0.94,0.25,2.38,0.61,29,14
PISTACIA ATLANTICA,83,21,11.16,5.77,1.87,0.13,1.07,0.41,2.59,0.32,34,14
PITANGA,80,28,12.37,4.86,0.4,0.62,0.74,0.06,2.4,0.79,26,22
PITTOSPORUM,75,32,7.91,6.35,0.42,0.13,1.44,0.17,1.61,0.27,38,11
PLUM,41,18,10.17,5.55,0.46,0.72,1.19,0.6,1.64,0.84,36,18
POME FRUIT TREES,72,23,11.28,6.41,1.74,0.81,1.79,0.42,1.89,0.48,31,10
POME FRUITS,41,25,10.98,5.23,1.3,0.83,1,0.42,1.68,0.32,34,12
POMEGRANATE,43,20,7.97,5.68,1.74,0.29,1.69,0.63,2.58,0.76,27,16
POMELOS,27,27,11.94,6.07,0.33,0.16,1.4,0.44,1.4,0.36,34,20
PONCHETIA,67,31,8.55,6.16,0.67,0.26,1.39,0.09,2.19,0.22,27,24
POPCORN,65,34,9.56,6.22,1.62,0.94,1.85,0.14,1.13,0.15,33,16
POPPYSEED,29,29,8.4,5.31,0.84,0.48,1.54,0.74,2.34,0.53,30,23
POPULUS,23,22,7.41,6.32,1.17,0.76,1.3,0.2,2.37,0.52,36,19
PORTULACA,34,10,9.34,5.56,1.22,1.04,1.56,0.44,1.38,0.81,38,20
POT PLANTS,89,25,9.8,5.85,0.29,0.25,1.41,0.18,1.31,0.17,27,12
POTATO,57,23,12.26,5.07,1.12,0.39,0.85,0.35,1.84,0.47,37,20
POULTRY FAT,34,33,6.65,5.53,0.42,1.05,1.48,0.33,0.92,0.48,25,21
POULTRY MEAT,89,25,11.03,5.09,1.75,0.69,1.81,0.7,2.65,0.53,25,17
POULTRY OFFAL,33,32,11.59,6.37,1.36,0.87,1.02,0.15,0.92,0.61,30,15
POULTRY SKIN,48,39,11.83,6.3,0.63,0.48,1.53,0.53,2.08,0.49,38,23
PRICKLY PEAR CACTUS,69,35,9.02,5.32,2.06,0.2,0.95,0.44,1.42,0.87,29,20
PROLOCARIA,88,36,8.22,6.24,2.08,0.97,0.78,0.6,2.11,0.69,28,11
Prosopis farcta,73,24,8.54,5.45,1.17,0.26,1.56,0.22,2.58,0.07,29,13
PROTEA,81,34,12.45,4.55,1.26,0.4,1.66,0.3,2.17,0.43,25,12
PRUNE,65,24,10.59,5.58,0.23,0.29,0.65,0.06,2.49,0.92,28,21
PUMPKINS,85,21,11.25,5.06,1.05,0.66,0.7,0.3,1.44,0.22,36,13
PYRACNATA,35,16,11.62,5.79,0.98,0.04,1.71,0.59,2.36,0.49,30,19
PYSTACIA,58,20,8.88,5.26,1.44,0.22,1.45,0.59,2.74,0.57,36,14
QUINCE,75,33,11.72,6.43,1.97,0.84,1.11,0.24,1.4,0.06,35,18
QUISQUALIS INDICA,20,14,6.83,5.9,1.47,0.18,0.65,0.16,1.76,0.77,36,12
RADISH,59,27,7.72,5.49,2.03,0.39,0.71,0.65,1.71,0.28,32,13
RADISH LEAVES,84,13,8.54,5.11,0.21,0.26,0.96,0.15,2.82,0.87,27,16
RAISINS,67,14,7.7,4.76,1.03,0.61,0.89,0.53,1.21,0.47,35,17
RANUNCULUS,52,30,10.81,4.99,1.86,1.03,1.43,0.25,1.22,0.6,29,12
RAPESEED,72,37,7.05,4.56,0.92,0.96,1.33,0.06,2.32,0.16,28,18
RAPESEED OIL,62,24,7.27,6.36,1.18,0.01,0.79,0.82,1.31,0.36,38,16
RASPBERRY,67,32,8.75,4.85,0.55,0.8,1.14,0.7,1.03,0.87,35,16
RAW AGRI' PRODUCTS,26,15,7.37,6.19,0.9,0.3,1.06,0.8,1.13,0.92,37,18
RAW CEREAL,25,10,8.24,6.43,1.45,0.49,1.33,0.19,1.52,0.36,32,24
RED SWEET PEPPER,59,16,8.41,5.5,0.83,0.12,1.63,0.6,2.66,0.92,32,22
RHODS GRASS,70,22,9.4,6.27,1.72,0.5,1.12,0.33,1.09,0.35,34,23
RHUBARB,27,20,7.93,4.89,1.75,0.59,1.34,0.16,1.97,0.15,36,14
RICE,32,22,10.7,5.02,0.24,0.37,0.92,0.45,1.89,0.67,38,23
RICE FLOWER,63,26,9.33,5.88,2.21,0.57,0.93,0.79,2.39,0.22,34,16
ROKET,30,18,9.55,4.53,0.29,0.41,1.39,0.44,0.9,0.67,30,13
ROKULA,84,21,8.83,5.14,2.23,0.82,1.11,0.07,2.1,0.59,30,24
ROOT VEGETABLE,64,35,10.78,5.33,1.2,0.12,1,0.6,2.25,0.69,34,16
ROSE,53,17,7.47,5.04,0.65,0.02,1.71,0.67,2.29,0.32,30,10
ROSMARINE,39,29,8.91,5.76,2.05,0.55,1.37,0.54,2.82,0.6,29,17
RUMEX CRISPUS,58,18,7.71,6.07,0.4,0.59,0.72,0.68,1.76,0.76,30,21
RUSALIA,62,18,9.32,5.01,2.04,0.59,1.61,0.7,2.15,0.04,35,19
RUSCUS,49,11,8.72,6.31,0.9,0.7,0.94,0.51,2.42,0.54,26,19
RUTABAGA,78,14,10.47,5.74,2.06,0.02,1.01,0.41,2.62,0.79,34,15
RYE,83,28,8.58,5.84,1.47,0.7,1.08,0.41,1.24,0.95,28,17
RYE FLOUR,34,18,7.18,5.68,1.15,0.89,0.74,0.27,2.54,0.36,30,11
RYE GRASS,32,28,9.11,5.29,0.88,0.01,1.1,0.61,1.41,0.72,32,23
RYE WHOLEMEAL,40,13,10.96,5.9,0.46,0.77,1.49,0.02,2.68,0.3,30,22
SAFFLOWER,75,33,9.41,6.1,2.08,0.35,1.25,0.76,1.99,0.61,29,12
SAGE,26,24,8.95,4.62,0.66,0.36,1.14,0.45,1.33,0.4,26,13
SALICORNIA,42,16,6.88,5.29,1.74,0.37,0.68,0.06,2.69,0.43,30,21
SCARLET,24,14,9.24,6.36,0.31,0.6,1.21,0.6,1.24,0.46,30,19
SCHFFLERA,51,27,8.05,5.54,1.25,0.69,1.61,0.05,1.24,0.29,37,11
SCHINUS MOLLE,53,23,12.33,5.92,0.62,1,1.3,0.29,1.33,0.59,31,17
SEEDS STORAGE,85,31,8.61,5.75,1.38,0.89,1.19,0.35,1.64,0.18,35,11
SEEDS TREATMENT,77,20,7.33,4.77,1.43,0.39,1.67,0.72,1.95,0.23,34,17
SENECIO X HYBRIDUS,63,37,9.06,5.46,2.02,0.18,1.04,0.5,2.65,0.65,36,24
SEPION,58,35,9.21,4.83,0.76,0.66,1.61,0.16,1.12,0.35,30,15
SESAME,82,39,8.7,5.33,0.34,0.81,1.83,0.68,1.16,0.21,26,21
SESAME SEED OIL,32,22,6.58,4.62,0.4,0.29,0.94,0.13,2.03,0.79,32,10
SESAMUM INDICUM,44,17,7.33,5.27,1.52,0.63,1.1,0.13,2.54,0.6,33,15
SHALLOT,47,11,10.03,6.16,0.47,0.18,0.97,0.33,2.42,0.11,30,10
SHAMUTI ORANG,41,13,11.75,4.84,1.4,0.1,0.94,0.22,1.17,0.31,28,16
SHEEPS,62,18,9.7,5.45,1.08,0.61,1.16,0.73,2.04,0.08,31,10
SMALL RADISH,25,12,8.49,5.3,1.05,0.48,1.34,0.77,1.56,0.89,34,22
SNOW PEAS,37,14,10.63,6.3,1.27,0.5,0.88,0.11,1.13,0.67,35,20
SOIL,82,40,9.52,4.91,0.41,0.31,1.15,0.4,2.1,0.41,33,24
SOLIDAGO,38,10,8.47,6.21,1.49,0.42,1.67,0.48,2.55,0.45,29,19
SOLIDASTER,41,11,10.46,6.47,0.39,0.86,1.61,0.27,1.9,0.85,32,16
SORGHUM,62,21,10.59,5.17,0.79,0.04,1.03,0.22,1.41,0.23,36,15
SORGHUM BICOLOR,77,35,10.09,5.6,1.12,0.47,0.66,0.85,2.07,0.91,27,14
SORGHUM FORAGE,46,38,6.78,6.15,0.84,0.78,1.69,0.45,2.73,0.26,38,14
SORGHUM GRAINS,71,13,9.19,5.43,2.17,0.64,1.18,0.59,2.45,0.72,30,23
SOUR CHERRY,63,40,9.74,5.6,1.04,0.01,0.88,0.09,1.1,0.34,33,21
SOUR ORANGE,45,17,9.4,6.16,1.54,0.41,0.76,0.47,2.41,0.36,30,14
SOYA BEAN,50,21,8.2,5.44,0.42,0.85,0.73,0.38,1.85,0.41,27,13
SOYA BEAN OIL,43,12,11.53,5.92,0.56,1.02,0.7,0.74,1.33,0.45,35,12
SOYBEAN VINES,85,27,11.25,6.32,2.1,0.46,0.67,0.65,1.55,0.19,33,23
SPATHIPHYLIUM,42,24,11.44,5.12,0.57,0.47,1.85,0.32,0.89,0.82,30,17
SPICES,68,15,12.01,6.08,0.93,0.87,1.22,0.02,1.74,0.17,34,21
SPINACH,25,23,11.02,5.53,0.91,0.16,1.35,0.32,1.65,0.31,37,13
SPRAY CARNATION,32,16,7.91,5.3,2.03,0.03,0.79,0.11,2.42,0.09,30,24
SPRING ONION,25,17,8.56,4.78,1.94,0.88,1.07,0.85,0.95,0.3,37,13
SQUASH,55,37,10.91,6.08,1.79,1.04,1.78,0.15,2.34,0.04,32,23
STEVIA,49,23,8.28,5.2,0.9,0.73,1.54,0.39,0.98,0.93,29,20
Stone Fruit,71,39,7.74,4.58,1.14,0.94,1.32,0.06,2.53,0.2,29,23
STONE FRUIT TREES,90,18,11.47,5.39,0.21,0.38,1.78,0.42,2.14,0.57,31,13
STORAGE ROOMS,64,19,7.71,6.33,1.43,0.99,1.83,0.56,2.18,0.15,32,12
STRAWBERRY,65,10,7.52,5.76,1.88,0.06,1.09,0.32,1.86,0.76,26,13
STRAWBERRY NURSERRYS,29,19,6.71,5.81,1.15,0.27,0.77,0.52,2.58,0.63,29,10
STRELIZIA,76,33,9.79,5.36,1.9,0.2,1.65,0.46,1.7,0.76,35,17
SUBTROPICAL FRUITS,67,21,10.85,5.33,2.21,0.82,1.19,0.42,2.39,0.07,29,14
SUBTROPICAL TREES,33,14,11.6,4.83,2.07,0.24,1.23,0.44,1.45,0.04,34,14
SUGAR BEET,72,25,10.36,5.43,0.76,0.2,1.81,0.03,1.32,0.94,26,22
SUGAR BEET LEAVES,41,16,6.75,5.47,1.92,0.94,0.96,0.27,1.31,0.81,38,11
SUGAR BEET MOLASSES,44,33,6.64,4.73,2.14,0.17,0.95,0.22,1.08,0.4,36,18
SUGAR BEET PULP,65,18,8.25,6.25,1.17,0.67,1.66,0.13,0.91,0.51,31,10
SUGAR BEET TOPS,54,19,8.91,4.51,0.53,0.36,0.78,0.63,2.5,0.91,34,12
SUGAR CANE,62,35,10.46,6.28,2.24,1.05,1.48,0.58,1.44,0.15,27,16
SUNFLOWER,22,16,8.6,4.55,0.51,0.92,1.8,0.79,1.73,0.2,34,20
SUNFLOWER SEED OIL,65,29,10.84,4.75,1.81,0.91,1.09,0.28,1.3,0.9,27,24
Sunflower sprouts,22,14,8.18,5.28,1.35,0.98,1.46,0.14,1.45,0.35,33,16
SWEET CHERRY,41,34,10.46,6.28,0.88,0.82,0.73,0.32,2.51,0.7,30,23
SWEET CORN,55,40,7.07,5.35,0.49,0.95,1.5,0.67,1.48,0.84,36,19
SWEET POTATO,47,38,9.65,5.79,0.29,0.09,1.77,0.63,1.92,0.59,38,20
SWISS CHARD,76,18,12.09,5.17,0.81,1.01,1.85,0.82,2.51,0.47,27,12
SYNGONIUM,43,34,10.49,5.8,0.56,0.99,1.09,0.73,1.5,0.46,37,20
TAGETES,87,38,9.66,5.58,2.24,0.47,1.21,0.72,2.12,0.84,25,21
TAMARILLO,89,35,7.38,4.73,0.63,0.83,1.83,0.72,0.95,0.54,25,17
TAMARIX,49,15,7.99,4.78,0.68,0.85,1.59,0.78,2.61,0.17,30,15
TATSUI LEAVES,65,18,7.32,5.58,1.26,0.84,1.78,0.52,2.54,0.32,38,23
TCHELOSIA,25,18,7.56,6.42,0.29,0.63,1.09,0.11,1.59,0.83,29,20
TEA,79,18,11.3,6.17,2.21,0.61,0.94,0.83,0.9,0.79,28,11
TEMPEL,90,39,10.14,5.54,0.84,0.99,0.92,0.09,2.31,0.67,29,13
THYME,29,21,7.14,6.33,1.66,0.06,0.67,0.11,1.81,0.49,25,12
TOBACCO,48,27,9.52,4.88,0.6,1.04,1.55,0.13,1.28,0.43,28,21
TOIA,45,32,12.13,5.97,0.72,0.94,1.59,0.36,2.01,0.37,36,13
TOMATO,38,12,8.51,4.89,0.91,0.29,1.03,0.66,2.25,0.23,30,19
TOPAZ,88,19,12.11,4.87,1.69,0.33,1.76,0.16,1.6,0.63,36,14
TRACHELIUM,20,17,12.25,5.47,0.23,0.97,0.88,0.32,2.39,0.37,35,18
TREATMENT,41,39,8.37,5.95,1.75,0.14,0.99,0.24,1.91,0.29,36,12
TREE NUTS,84,24,12.17,6.29,0.16,1.05,0.86,0.71,2.09,0.13,32,13
TULIPA,22,21,11.99,5.25,1.66,0.64,1.4,0.14,2.5,0.59,27,16
TURKEY,44,24,11.53,4.71,2.24,0.59,1.69,0.74,1.97,0.34,35,17
TURNIP,48,22,10.32,4.66,1.99,0.22,1.26,0.65,2.26,0.05,29,12
TYPUANA,53,16,9.96,5.09,1.11,0.51,1.04,0.22,1.81,0.43,28,18
ULMUS,60,23,7.76,6.15,1.57,0.69,0.77,0.54,2.04,0.36,38,16
VACCINUM BERRIES,42,38,10.24,4.87,1.12,1.05,1.63,0.22,1.58,0.59,35,16
VALENCIA,79,31,8.57,5.89,1.26,0.43,1.2,0.24,1.1,0.11,37,18
VEGETABLES,89,31,10.08,4.64,0.93,0.62,1.2,0.37,1.61,0.46,32,24
VERBENA,44,15,8.52,5.64,1.14,0.69,1.14,0.79,2.42,0.2,32,22
VERGATUS,28,27,6.55,5.35,0.45,0.73,1.36,0.71,1.95,0.4,34,23
VERONICA,70,21,8.01,5.93,1.7,0.67,1.37,0.83,1.44,0.03,36,14
VETCH,21,15,7.15,4.57,2.01,0.36,1.79,0.27,2.23,0.78,38,23
VIBURNUM,38,34,11.28,4.76,1.89,0.61,1.31,0.39,2.4,0.79,34,16
VINCA,57,40,12.34,5.15,1.12,0.38,1.73,0.22,2.19,0.47,30,13
VIOLA,53,19,7.12,5.92,1.44,0.63,0.74,0.4,2.37,0.58,30,24
WALNUTS,24,13,12.41,4.9,1.63,0.75,1.61,0.81,2.13,0.42,34,16
WASHINGTON,48,35,6.63,5.25,0.36,0.42,1.79,0.5,1.63,0.64,30,10
WATERMELON,33,32,11.18,6.37,0.36,0.82,1.57,0.18,1.25,0.93,29,17
Watermelon fields,85,38,7.08,6.27,0.23,0.87,1.52,0.45,2.15,0.66,30,21
WHEAT,51,38,10.09,4.64,0.65,0.9,1.36,0.73,1.7,0.31,35,19
WHEAT BRAN,33,19,8.49,5.37,0.8,0.14,1.2,0.71,2.39,0.89,26,19
WHEAT FLOUR,48,20,10.41,4.57,2.05,0.3,1.72,0.65,1.77,0.2,34,15
WHEAT GERM,28,18,11.47,5.44,0.41,0.91,0.79,0.56,1.98,0.28,28,17
Wheat sprouts,72,10,10.13,4.78,1.37,0.98,1.38,0.1,2.52,0.71,30,11
WHEAT STRAW,63,26,6.95,6.2,0.26,0.47,1.3,0.07,2.1,0.39,32,23
WHEAT WHOLEMEAL,32,32,10.15,5.36,1.94,0.13,1.47,0.44,2.3,0.48,30,22
WHITE BREAD,52,39,9.81,5.62,1.98,0.28,0.86,0.63,1.06,0.12,29,12
WHITE FLOUR,65,34,12.17,4.81,1.29,0.11,1.3,0.74,2.38,0.3,26,13
WHITE RADISH,80,37,11.56,4.92,1.93,0.35,1.47,0.62,2.06,0.63,30,21
WHOLEMEAL FLOUR,57,25,10.85,6.37,2.18,0.52,0.95,0.42,2.63,0.33,30,19
WINTER CEREALS,31,15,6.79,4.6,0.62,0.7,1.5,0.27,1.16,0.85,37,11
WINTER LEGUMS,80,38,9.71,5.98,0.99,0.02,0.86,0.63,1.05,0.52,31,17
WITLOOF CHICORY,53,28,12.46,5.48,2.04,0.61,1.3,0.02,1.1,0.84,35,11